<persistence xmlns="http://xmlns.jcp.org/xml/ns/persistence"
             xmlns:xsi="http://www.w3.org/2001/XMLSchema-instance"
             xsi:schemaLocation="http://xmlns.jcp.org/xml/ns/persistence
             http://xmlns.jcp.org/xml/ns/persistence/persistence_2_1.xsd"
             version="2.1">

    <persistence-unit name="CRM">
        <description>
            Persistence unit for Hibernate User Guide
        </description>

        <provider>org.hibernate.jpa.HibernatePersistenceProvider</provider>

        <mapping-file>file:///etc/opt/app/mappings/orm.xml</mapping-file>

        <properties>
            <property name="jakarta.persistence.jdbc.driver"
                      value="org.h2.Driver" />

            <property name="jakarta.persistence.jdbc.url"
                      value="jdbc:h2:mem:db1;DB_CLOSE_DELAY=-1" />

            <property name="jakarta.persistence.jdbc.user"
                      value="sa" />

            <property name="jakarta.persistence.jdbc.password"
                      value="" />

            <property name="hibernate.show_sql"
                      value="true" />

            <property name="hibernate.hbm2ddl.auto"
                      value="update" />
        </properties>

    </persistence-unit>

</persistence>
